"Genes","Rank"
"C12orf65",1546
"PLEKHM1",1545
"SPRR1B",1544
"C19orf18",1543
"CHMP1A",1542
"PLXNC1",1541
"COLCA2",1540
"C6orf203",1539
"MAU2",1538
"MAP6",1537
"KIAA1191",1536
"CLECL1",1535
"RGAG4",1534
"KCNJ6",1533
"CEPT1",1532
"GDF15",1531
"VSTM2L",1530
"ALDH3B2",1529
"TRERF1",1528
"CEP57L1",1527
"MRPL11",1526
"ALKBH7",1525
"TMEM256",1524
"FAM104B",1523
"PIK3R4",1522
"MRPL36",1521
"TMEM168",1520
"MRP63",1519
"MIF",1518
"GLA",1517
"GADD45GIP1",1516
"ATP6V0D2",1515
"NKD1",1514
"PROX1",1513
"AGFG1",1512
"DISC1",1511
"BTN3A3",1510
"SPN",1509
"XBP1",1508
"BDP1",1507
"ZNF621",1506
"LPHN3",1505
"AC093323.3",1504
"SPTBN5",1503
"AKIP1",1502
"FBXL2",1501
"AKAP8L",1500
"ZNF484",1499
"NRD1",1498
"REL",1497
"PRDM15",1496
"ZXDC",1495
"ZNF41",1494
"KLRC2",1493
"TRIP12",1492
"MPPE1",1491
"DENND1B",1490
"LRIG3",1489
"PQLC3",1488
"YRDC",1487
"RBM15",1486
"VPS13D",1485
"USP14",1484
"RAPH1",1483
"DNM2",1482
"FBP1",1481
"DNAAF3",1480
"CEP97",1479
"FRRS1",1478
"PTPRR",1477
"KIAA1143",1476
"BRSK1",1475
"TSEN54",1474
"NOTCH2NL",1473
"ACY3",1472
"SCARB2",1471
"NIPAL2",1470
"POGLUT1",1469
"CDKL1",1468
"CFTR",1467
"CPD",1466
"LTBR",1465
"FAM69C",1464
"GRK5",1463
"MRPS33",1462
"OAT",1461
"PCDHB10.1",1460
"APH1B",1459
"EIF2D",1458
"RPH3AL",1457
"LSM3",1456
"NUMA1",1455
"SPATC1L",1454
"DHX40",1453
"KAT7",1452
"GNPAT",1451
"SGPP2",1450
"SPECC1L",1449
"ACSS2",1448
"RILPL1",1447
"CASC4",1446
"BRPF1",1445
"ZNF467",1444
"SPATA5L1",1443
"FAM174B",1442
"ABCA7",1441
"CHML",1440
"PKLR",1439
"TNFSF10",1438
"BCL6",1437
"IFT74",1436
"UBXN11",1435
"GALNT5",1434
"TET2",1433
"ENHO",1432
"STAG3L4",1431
"HMGCS1",1430
"SLC10A5",1429
"TMEM104",1428
"ZNF689",1427
"NEU3",1426
"AHCYL2",1425
"SPPL3",1424
"SYNJ2BP",1423
"ZNF90",1422
"LRRK1",1421
"ALG1",1420
"NUPL2",1419
"HIST1H1E",1418
"PSEN1",1417
"LRP3",1416
"BOK",1415
"SIGLEC15",1414
"RIBC1",1413
"C10orf76",1412
"ACOT1",1411
"CCNT2",1410
"ANKRD36BP1",1409
"ATP5H",1408
"FAM13A",1407
"DNAJC10",1406
"TMEM237",1405
"FAM3B",1404
"NLRP9",1403
"BCKDK",1402
"ATP13A2",1401
"C4orf47",1400
"FASTK",1399
"SCEL",1398
"ZNF445",1397
"FUBP1",1396
"TMEM219",1395
"SOGA2",1394
"USP54",1393
"ADPGK",1392
"GPATCH1",1391
"CMIP",1390
"SCAI",1389
"RASA2",1388
"ANKS1B",1387
"RAB6A",1386
"DIAPH1",1385
"NME9",1384
"CTD.2514K5.2",1383
"KCTD6",1382
"ALS2CR12",1381
"PASK",1380
"WEE1",1379
"CNGA1",1378
"RFC4",1377
"EPS8L3",1376
"HS2ST1",1375
"CPT2",1374
"REC8",1373
"SLC46A1",1372
"RELL1",1371
"ERCC5",1370
"NOMO1",1369
"FAM53B",1368
"GOLGA3",1367
"CNPY3",1366
"RPA2",1365
"CCNG2",1364
"HAUS6",1363
"STK32C",1362
"ELOF1",1361
"DIP2C",1360
"CCDC160",1359
"PEX13",1358
"TSPAN13",1357
"RRNAD1",1356
"TTC5",1355
"ZMYND8",1354
"DPEP1",1353
"FAR1",1352
"RIMS4",1351
"RNF8",1350
"SRPR",1349
"FKBP1B",1348
"MAP3K2",1347
"ZNF746",1346
"USP34",1345
"GLTP",1344
"ZNF486",1343
"ARHGEF4",1342
"TPR",1341
"MINK1",1340
"PRDM10",1339
"EP400",1338
"HERC2",1337
"WBP2",1336
"KMT2C",1335
"PRKD3",1334
"TAOK1",1333
"SZT2",1332
"BIRC6",1331
"HERC1",1330
"KANSL1L",1329
"ASXL2",1328
"DBIL5P",1327
"COL4A4",1326
"GKN2",1325
"ACHE",1324
"KIAA1217",1323
"TBC1D4",1322
"HPS6",1321
"HES6",1320
"NRG1",1319
"ZNF160",1318
"DCAF4L1",1317
"WRAP73",1316
"VCP",1315
"RIMKLB",1314
"MSI2",1313
"PRR5",1312
"SLC26A7",1311
"RPL32P3",1310
"CABLES2",1309
"C5orf54",1308
"SGK494",1307
"B3GALT5",1306
"AP2M1",1305
"BTBD18",1304
"DHRS4L2",1303
"R3HDML",1302
"CSAD",1301
"ERLEC1",1300
"PIGB",1299
"RP11.436I24.1",1298
"FBXO16",1297
"MAZ",1296
"SEPT7P2",1295
"ANKRD36",1294
"ZNF763",1293
"POM121L1P",1292
"NR2C1",1291
"NTN5",1290
"CPNE4",1289
"SBDSP1",1288
"KIAA1211L",1287
"RBM12",1286
"CREBRF",1285
"CXCR4",1284
"ZNF619",1283
"RNASEK.C17orf49",1282
"DCP1A",1281
"MAP3K7",1280
"TMEM115",1279
"ZPLD1",1278
"PI4K2B",1277
"SFT2D2",1276
"ELP6",1275
"DDX49",1274
"PHF2",1273
"RNF138",1272
"BVES",1271
"DNMT1",1270
"ZFP36",1269
"GNLY",1268
"SLC2A8",1267
"RFXAP",1266
"PLXNB1",1265
"GAS6",1264
"TRIM54",1263
"MSH6",1262
"APOBEC4",1261
"RGS3",1260
"GOSR2",1259
"MKX",1258
"TAPT1.AS1",1257
"NLRP6",1256
"BLOC1S2",1255
"FAM200A",1254
"ANO5",1253
"WDR43",1252
"SASS6",1251
"KIF4A",1250
"CDCA5",1249
"RBM14",1248
"BTG2",1247
"CHEK1",1246
"ABCC10",1245
"HCP5",1244
"FAM228B",1243
"EPB41L4A.AS1",1242
"ABCC6P2",1241
"DOHH",1240
"RSG1",1239
"ABCC6P1",1238
"GLB1L2",1237
"TNPO2",1236
"KTN1.AS1",1235
"ZBTB33",1234
"CD6",1233
"ZFX",1232
"SON",1231
"PRRC2B",1230
"PARVB",1229
"SETD1B",1228
"ZNF460",1227
"FKBP8",1226
"CTPS1",1225
"FSCN3",1224
"AP3S2",1223
"TPI1",1222
"ELF3",1221
"XRCC3",1220
"NOC2L",1219
"SH2D3A",1218
"HAT1",1217
"MORF4L1",1216
"USP42",1215
"ADTRP",1214
"E2F2",1213
"DPY19L2P2",1212
"CACTIN",1211
"RBM15B",1210
"MRPS18C",1209
"SMAD4",1208
"SLC16A13",1207
"URB2",1206
"NOL10",1205
"SLC27A1",1204
"CAD",1203
"ZSWIM5",1202
"ARHGEF9",1201
"MICU2",1200
"UTP3",1199
"UBA1",1198
"TEK",1197
"PRR5.ARHGAP8.1",1196
"MAFF",1195
"PLK3",1194
"USP11",1193
"BCLAF1",1192
"OSGIN1",1191
"C9orf117",1190
"FDXACB1",1189
"C11orf31",1188
"H1FX",1187
"PPP3R1",1186
"TRABD",1185
"C16orf13",1184
"NDUFC1",1183
"FKBP2",1182
"ATP5G2",1181
"MLYCD",1180
"C14orf119",1179
"ACBD3",1178
"THOC1",1177
"C22orf29",1176
"SERF2.1",1175
"ATP5A1",1174
"MBD4",1173
"NCOA7",1172
"YEATS2",1171
"YWHAB",1170
"SYTL1",1169
"FLAD1",1168
"FNBP1L",1167
"CYB561",1166
"C7orf55.LUC7L2",1165
"ANKRD54",1164
"DYNLL2",1163
"RPL36",1162
"NEDD9",1161
"LINC00493",1160
"ZNF440",1159
"QTRT1",1158
"LIN37",1157
"ANO10",1156
"FBXW11",1155
"FBXO24",1154
"RPS29",1153
"SLC9A4",1152
"RPL24",1151
"OSBPL2",1150
"MRPL20",1149
"MEIS2",1148
"ATP5L",1147
"NFKBIZ",1146
"EYA4",1145
"PCDHGA11",1144
"SF3B2",1143
"BCL9L",1142
"FBXO42",1141
"MLKL",1140
"FCHO1",1139
"HCCS",1138
"SLC25A25",1137
"SF3B5",1136
"OAZ1",1135
"DAPK1",1134
"POP5",1133
"COMMD6",1132
"TDGF1P3",1131
"KANSL2",1130
"APITD1",1129
"MAGED1",1128
"NPLOC4",1127
"POLR2F",1126
"RARRES1",1125
"EMC6",1124
"ZNF780B",1123
"TRMT13",1122
"NDUFB1",1121
"C2ORF15",1120
"COL28A1",1119
"TP53I11",1118
"ENOX2",1117
"POLR3E",1116
"WASH5P",1115
"C14orf166",1114
"KRTCAP2",1113
"PSMB6",1112
"GPR137",1111
"VPRBP",1110
"LSM7",1109
"OBSL1",1108
"PPARG",1107
"C11orf71",1106
"PEX3",1105
"C12orf43",1104
"NDUFAF4",1103
"COX17",1102
"ANKS6",1101
"NDUFA4",1100
"ATP5D",1099
"PRR4",1098
"BTD",1097
"HADHB",1096
"C19orf43",1095
"SMAD9",1094
"DDX17",1093
"KIAA2018",1092
"FAXC",1091
"DAPL1",1090
"C18orf25",1089
"GRHL3",1088
"TANC1",1087
"ZNF502",1086
"FAM35BP",1085
"TMPO.AS1",1084
"LUC7L3",1083
"FLVCR1.AS1",1082
"TTR",1081
"CXCL17",1080
"DEPDC7",1079
"LPXN",1078
"ARHGEF6",1077
"BEAN1",1076
"ACBD5",1075
"IL21R",1074
"RPL32",1073
"C11orf30",1072
"MYL12B",1071
"C11orf73",1070
"HBEGF",1069
"RPL36AL",1068
"DUSP4",1067
"JADE3",1066
"TRAPPC2P1",1065
"UBE2D4",1064
"ZNF174",1063
"NAA60",1062
"FBXW8",1061
"KIF3C",1060
"RP9P",1059
"ZNF44",1058
"TF",1057
"TDGF1",1056
"AC009501.4",1055
"ATAD3C",1054
"DSC2",1053
"AHNAK",1052
"HLTF",1051
"NCKAP1",1050
"MOSPD2",1049
"AASDHPPT",1048
"MFN2",1047
"POU3F1",1046
"IL20RB",1045
"GOLGA6L10",1044
"RPL37A",1043
"ZDHHC2",1042
"HNRNPU.AS1",1041
"ING3",1040
"FAM222A",1039
"TBX19",1038
"S100A8",1037
"EML4",1036
"C1orf177",1035
"SMCR5",1034
"ZIM2",1033
"GPATCH8",1032
"FBXO6",1031
"SPIN2B",1030
"DHX36",1029
"HNRNPA0",1028
"CNTROB",1027
"RPSAP52",1026
"INCA1",1025
"PPP1R3E",1024
"VAT1",1023
"RP11.566F5.1",1022
"B3GNT1",1021
"SLC1A3",1020
"PAIP1",1019
"RNF150",1018
"RFX5",1017
"TRHDE",1016
"DYX1C1",1015
"LIPF",1014
"RAB2B",1013
"HCFC1R1",1012
"CPA6",1011
"TNNT1",1010
"FAM174A",1009
"ZDHHC1",1008
"DCAF11",1007
"RIMBP2",1006
"ESRRA",1005
"GALNT18",1004
"C6",1003
"PIDD",1002
"ATRX",1001
"AQR",1000
"SMG1",999
"COQ10B",998
"FAN1",997
"LTB4R2",996
"PDPR",995
"PPP2R5E",994
"PTPN13",993
"SS18",992
"TRAF3IP1",991
"WDR27",990
"SLC10A6",989
"TEX40",988
"C17orf50",987
"KBTBD3",986
"USH1G",985
"DNAJC13",984
"MCCC1",983
"CLDN23",982
"SIRT1",981
"CUL7",980
"KIAA1024",979
"LINC00910",978
"C8orf58",977
"TAF7",976
"FOLH1",975
"ENPEP",974
"APLP1",973
"ZKSCAN4",972
"ALDOB",971
"DDX41",970
"POLR3D",969
"RNF113B",968
"ACAP2",967
"LMTK2",966
"CTU1",965
"ETV3L",964
"LRRC57",963
"AGAP6",962
"CXorf65",961
"ATP5O",960
"RPS21",959
"NDUFS8",958
"ADAM28",957
"CNTD1",956
"VN1R1",955
"POMC",954
"P4HA2",953
"PSMD4",952
"ATP13A3",952
"RAB6C",951
"SYNJ2",951
"HOTAIR",950
"RSPO4",950
"OR2M4",949
"YTHDC1",949
"WNT11",948
"TRPC1",948
"TFEB",947
"PCDHB16",947
"RP11.257I8.1",946
"SETDB1",946
"SLC22A25",945
"UBB",945
"LAMP3",944
"GZMB",944
"NLRP12",943
"QDPR",943
"HSD17B1",942
"RTF1",942
"NLGN4Y",941
"PFKFB3",941
"PYGO1",940
"HIST2H4A.6",940
"SNORD116.23",939
"C5orf22",939
"BTNL2",938
"LAMC1",938
"SIX6",937
"LAMA1",937
"RHOBTB2",936
"FBXW10",936
"LRRC67",935
"TIFA",935
"LEMD1",934
"WASF3",934
"MYST4",933
"PCDH19",933
"BZW2",932
"HAVCR1",932
"SEPHS1",931
"CLEC18C",931
"LRRC10B",930
"GRIK4",930
"VSIG2",929
"GATSL2",929
"GPSM3",928
"N4BP3",928
"TPSD1",927
"SLC2A10",927
"CCDC18",926
"TXLNA",926
"MOGS",925
"MGP",925
"TARSL2",924
"SLC8B1",924
"C1orf57",923
"SNX24",923
"MST4",922
"DYNC1LI2",922
"GORASP2",921
"C20orf202",921
"HYAL1",920
"PNPLA8",920
"PKD1",919
"NDUFS7",919
"OR10K2",918
"CYB5D2",918
"FLT1",917
"LINC00116",917
"LAMA3",916
"LGR6",916
"DCK",915
"MCAM",915
"FMO1",914
"MT1H",914
"MAP1LC3B2",913
"CICP27",913
"SIDT1",912
"DYNLT1",912
"MAFK",911
"CSDE1",911
"TCERG1",910
"ZBTB8OS",910
"WDR13",909
"SCP2",909
"TBC1D24",908
"FAU",908
"CD46",907
"UFD1L",907
"ATP6V0A2",906
"COA6",906
"SBF1P1",905
"SARNP",905
"C6orf136",904
"CNNM4",904
"ZNF727",903
"IBA57",903
"FAM83E",902
"COX7B",902
"TMEM47",901
"C12orf45",901
"C10orf91",900
"FAM105A",900
"CYB5R1",899
"TAF10",899
"ADAMTS20",898
"REXO2",898
"SLCO6A1",897
"HAR1B",897
"PHF17",896
"IL10RB",896
"HCG22",895
"FAM21A",895
"DCDC2",894
"NRBP2",894
"TPRG1",893
"DBNDD2",893
"C7orf71",892
"FBXO2",892
"ESM1",891
"C1QTNF6",891
"ZFAND1",890
"C9orf163",890
"RASGRP2",889
"NLRP2",889
"ZFYVE28",888
"LINC00893",888
"BMP8A",887
"SMOC1",887
"MIR196A2",886
"ARID4A",886
"IRF7",885
"MDM4",885
"DOCK5",884
"CBWD2",884
"IRS4",883
"PIK3C3",883
"ACVR2B.AS1",882
"SLC25A43",882
"EFCAB6",881
"CHCHD7",881
"ALMS1",880
"ANKRD13B",880
"SLC6A18",879
"ADAM17",879
"NCRNA00032",878
"SRGAP1",878
"DEFA6",877
"PRSS1",877
"HLA.DQA1",876
"KANSL1",876
"TSPY1",875
"SAMD12",875
"LOC84740",874
"SNX29P2",874
"DOT1L",873
"NCAPH2",873
"RNF25",872
"SLC25A44",872
"ETS2",871
"PABPN1",871
"MIR892A",870
"FBXO22",870
"ARL4C",869
"KIF2A",869
"BARX1",868
"OAZ2",868
"DAB2IP",867
"RASIP1",867
"DNAH8",866
"MFSD6L",866
"RRN3P2",865
"GCLM",865
"GRAMD1B",864
"CALHM2",864
"CLK2",863
"KIRREL",863
"ACADL",862
"CCNY",862
"FAM71E1",861
"GPR113",861
"C16orf91",860
"COL18A1",860
"MLN",859
"NLGN2",859
"PSG5",858
"MBTPS1",858
"C1QTNF2",857
"DPY30",857
"TGFBI",856
"ATP6V1F",856
"PLA2G2A",855
"TTTY15",855
"BARX2",854
"TBCA",854
"NKD2",853
"NEDD8",853
"PPYR1",852
"MBLAC1",852
"CMTM7",851
"TSTA3",851
"GPC3",850
"PINX1",850
"HOMER1",849
"RPL23A",849
"GPR112",848
"FBXO30",848
"CD2AP",847
"STAT2",847
"TAF13",846
"TPTE",845
"IER2",845
"PUM1",844
"ARL8B",844
"BAD",843
"NARFL",843
"C4orf10",842
"MN1",842
"HAND2",841
"PLEKHA8",841
"C20orf46",840
"FOXRED2",840
"LOC283314",839
"ARHGAP25",839
"TRPM3",838
"TMC6",838
"CRHBP",837
"FBLN2",837
"C19orf57",836
"ORAOV1",836
"LCE2D",835
"SPDYE1.1",835
"SNRNP200",834
"ELFN2",834
"KCNE3",833
"GRIN2B",833
"BCL2L11",832
"GOLGB1",832
"FAM26D",831
"ARL4A",831
"CBX8",830
"PACRGL",830
"CD5",829
"PRKAR2A",829
"DCAKD",828
"SELI",827
"PTPRE",827
"C2CD2",826
"EPG5",826
"RALGPS1",825
"USH2A",825
"ISLR2",824
"SH2D4A",824
"ACER3",823
"RBM4B",823
"KRTAP20.3",822
"SNX33",822
"C13orf36",821
"RBM44",821
"SHKBP1",820
"BTAF1",820
"HMGA2",819
"CASC10",819
"SCGB1D2",818
"KIAA1919",818
"HGFAC",817
"TMPRSS7",817
"ZNF625",816
"HIST1H2AG.3",816
"MDK",815
"AMOTL1",815
"ACTN3",814
"GOLGA7",814
"RFPL1S",813
"ADRBK1",813
"GCNT7",812
"ITGAL",812
"C22orf33",811
"RALGDS",811
"X5.Sep",810
"ID1",810
"TSR2",809
"CYFIP2",809
"GUCA1A",808
"CELF2",808
"LOC100190939",807
"PIPOX",807
"ARHGDIB",806
"ARHGEF26",806
"TUBB6",805
"NDST3",805
"PXMP2",804
"NAGPA",804
"ZMAT4",803
"KCNK4",803
"SLC16A5",802
"CSRNP3",802
"CREB3L1",801
"AK4",801
"C2orf69",800
"ZNF544",800
"VCAN",799
"NIFK",799
"MEP1A",798
"HPGD",798
"CYB5R4",797
"RAMP1",797
"SEL1L2",796
"FBXO25",796
"RPS6KC1",795
"CLEC4F",795
"MIR487B",794
"AGO1",794
"SCD",793
"WRB",792
"AGBL2",792
"CDON",791
"DUOX2",791
"SP1",790
"CTD.2547E10.2.1",790
"PCDHGA8",789
"RP11.252A24.7",789
"GPX5",788
"MAGI2",788
"COX6C",787
"HSPD1",787
"PDZD3",786
"EIF3B",786
"EPS8L2",785
"FGFBP3",785
"CA8",784
"C1R",784
"C7orf58",783
"ATG2B",783
"EPHA6",782
"C14orf182",782
"ZNF653",781
"GNAI1",781
"SLC9A9",780
"TOMM5",780
"C1QTNF8",779
"PIBF1",779
"RBM24",778
"ATAD1",778
"LRRC66",777
"ADCK3",777
"RCHY1",776
"FKTN",776
"KHDRBS1",775
"DDX10",775
"RAD54L2",774
"GPR25",773
"CLPP",773
"MIR505",772
"AHI1",772
"EPN3",771
"RPS28",771
"RNF126P1",770
"C2CD4B",770
"CDH12",769
"CCDC42B",769
"MRPL23",768
"SBSN",767
"EGLN2",767
"RAET1E",766
"CWC25",766
"TRIM61",765
"THAP5",765
"TPD52L2",764
"ARAF",763
"MTMR1",763
"PPP1R14A",762
"LRCH4",762
"SYP",761
"ATP5S",761
"UCHL1",760
"S100P",760
"RPS24",759
"WDR93",759
"OR1C1",758
"GLTPD2",758
"CAPN12",757
"THYN1",757
"C10orf104",756
"NELL2",756
"C1QTNF4",755
"CNOT4",755
"CLASP1",754
"GJA3",754
"C5orf30",753
"LGR5",753
"MIA3",752
"ERGIC1",752
"C10orf96",751
"IQUB",751
"C17orf105",750
"NHLRC2",750
"POU2F1",749
"ATP1B3",749
"GBF1",748
"BOC",748
"OR2T34",747
"TFE3",747
"ANKRD34C",746
"JADE1",746
"SNORD116.2",745
"SP100",745
"DCC",744
"GCLC",744
"C16orf86",743
"AKT1",743
"PIN4",742
"ARMC7",742
"CAPRIN1",741
"ELP2",741
"RALYL",740
"GRWD1",740
"GSS",739
"PRKCA",738
"UGT2A3",738
"HOXB6",737
"BIK",736
"POLRMT",736
"C17orf28",735
"LINC00634",735
"FAM89A",734
"GSK3A",734
"CRNKL1",733
"SCIMP",733
"TMEM188",732
"TMEM19",732
"REPS1",731
"NT5DC3",731
"MAOB",730
"IL16",730
"CDKN2A",729
"TCEB1",729
"FBLN5",728
"RPL11",728
"ADAMTS1",727
"MRPL52",727
"ITGB3",726
"THAP3",726
"WNT10B",725
"CHRM1",725
"PSCA",724
"C1orf204",724
"LMOD1",723
"SRCRB4D",723
"SEMA5B",722
"MAP2K7",722
"KRT28",721
"ARL6",721
"ENDOD1",720
"OLFM4",720
"SNORD115.8",719
"REG1A",719
"GPRC5C",718
"HOXA11",718
"INS.IGF2",717
"GLTSCR1L",717
"OLFM3",716
"SERPINB3",716
"SULT1C4",715
"BTBD7",715
"GHRL",714
"CTBP1",714
"PCBP3",713
"DDB2",713
"MIR377",712
"PYROXD2",712
"KCNG3",711
"CDC45",711
"LOC100302401",710
"MFN1",710
"ARPM1",709
"CYP3A5",709
"GABBR2",708
"UBR2",708
"PPM1L",707
"NHLRC1",707
"TNR",706
"HABP2",706
"PRG3",705
"C6orf58",705
"SHH",704
"NUDCD2",704
"ATAD5",703
"BPTF",703
"ZBTB39",702
"BBS12",702
"IL1R1",701
"PDK1",701
"ERCC6L",700
"IQCA1",700
"MYLK4",699
"PVRIG",699
"IMMT",698
"STX3",698
"CDYL",697
"CEACAM6",697
"HCN4",696
"CDK3",696
"SLC29A1",695
"SBF2",695
"C16orf11",694
"FOXD4L6",694
"SLC16A12",693
"TMED9",693
"NUDT3",692
"CDNF",691
"CLIP2",691
"C1orf38",690
"CXCL1",690
"FBXO44",689
"CHKB.CPT1B",688
"SOWAHA",688
"KIAA0748",687
"HPCAL1",687
"LALBA",686
"AFTPH",686
"TMEM187",685
"CSNK2A2",685
"BMP4",684
"HELZ2",684
"BTLA",683
"MGMT",683
"ALPK3",682
"MYO1B",682
"CYP1A1",681
"EFCAB2",681
"HIST2H2BA",680
"APEX2",680
"NOX1",679
"FBXO33",679
"LRRC17",678
"FAM208A",678
"SLC39A6",677
"STAT1",677
"C8orf48",676
"SBK1",676
"ST6GALNAC2",675
"PLS3",675
"B3GALNT2",674
"TTC12",674
"NAALADL1",673
"SNORA67",673
"HPRT1",672
"VNN1",672
"TMEM170A",671
"KRT4",671
"RBM20",670
"ABCA5",670
"NOTCH3",669
"CRBN",669
"LRRC8E",668
"GPR27",668
"FGF11",667
"C11orf54",667
"ZNF782",666
"ARPC1B",666
"C2orf16",665
"C7orf31",665
"SERP2",664
"PSMB2",664
"NKAPL",663
"PSTPIP1",663
"FAIM3",662
"AOAH",662
"PCYT1A",661
"C7orf57",661
"KCNJ1",660
"XRN2",660
"RTN4IP1",659
"PAX8",659
"FTO",658
"TP53BP2",658
"ACTN2",657
"AP1S3",657
"MUC4",656
"TNPO3",656
"TMEM116",655
"TMEM246",655
"PHF15",654
"ARCN1",654
"QARS",653
"WDR72",653
"CDX4",652
"AP3D1",652
"TMEM215",651
"CCNA2",651
"GALR1",650
"OSCP1",650
"KRTAP23.1",649
"CCDC101",649
"ZC3H11A",648
"SLAIN2",648
"ZFP112",647
"LINC00324",647
"CCDC19",646
"PIK3C2G",645
"ERCC3",645
"RASGRP1",644
"PPP2CA",644
"FOXN3",643
"SHPK.1",643
"SNORA71C",642
"TSSK4",642
"CCDC64",641
"SLC35B3",641
"GATA5",640
"GGT7",640
"PHACTR1",639
"KANSL3",639
"TNRC4",638
"CCBL1",638
"UNKL",637
"YLPM1",637
"IGF1",636
"FBXL13",636
"ZNF628",635
"C16orf46",635
"SLC41A3",634
"CHRFAM7A",634
"CALB1",633
"GBAP1",633
"HIST1H3B",632
"IFT81",632
"TEAD3",631
"PPA1",631
"SLC2A9",630
"GTF3C3",630
"MAGEA5",629
"ABHD16A",629
"ARL4D",628
"KCND3",628
"APOBEC3F",627
"FBXO4",627
"NYNRIN",626
"ZFYVE21",626
"MIR539",625
"STRIP1",625
"CLDN5",624
"ARNTL",624
"OPN1LW",623
"C14orf178",623
"GFPT2",622
"FOXRED1",622
"HBM",621
"GNL3L",621
"PROCA1",620
"MR1",620
"C11orf17",619
"HOXC4",619
"HOXD11",618
"OCLM",618
"CCL26",617
"CHN2",617
"LYPD5",616
"MFHAS1",616
"RNH1",615
"HEBP1",615
"MRPS27",614
"SLMO1",614
"MCM3AP",613
"NEO1",613
"PPP4C",612
"C17orf67",612
"SOBP",611
"VANGL1",611
"ZNF212",610
"RANGRF",610
"FAM150B",609
"KCNV2",609
"CDC42SE2",608
"UBE2D2",608
"MFGE8",607
"OCEL1",607
"RAB40C",606
"PDGFA",606
"OR10J5",605
"KCTD13",605
"PIM2",604
"TAF12",604
"TP53TG1",603
"SLC29A3",603
"DCAF15",602
"CDC25B",602
"VAMP8",601
"SULT2B1",601
"C9orf173",600
"RHBDF1",600
"FAM173B",599
"MTA3",599
"ZNF816A",598
"CROCCP3",598
"HORMAD2",597
"GJB4",597
"AKAP12",596
"ASPHD2",596
"MDGA2",595
"XIST",595
"FRAT1",594
"LAMTOR2",594
"FABP1",593
"CCDC103",593
"SSBP2",592
"TOPBP1",592
"TCEAL1",591
"ADORA2A",591
"SLC2A14",590
"C9orf3",590
"KIAA1598",589
"HFE2",588
"ZBTB10",588
"C14orf34",587
"PUS3",587
"ESX1",586
"RP11.834C11.4",586
"HPVC1",585
"C9orf142",585
"FRK",584
"NPIPB5",584
"GAPDHS",583
"MSANTD3",583
"CDC42EP5",582
"EEF1D",582
"COL25A1",581
"ZZEF1",581
"LOC100133957",580
"CYFIP1",580
"BOLL",579
"FAM71F2",579
"C4orf36",578
"ADPRHL1",578
"SPAG9",577
"C3AR1",577
"CST5",576
"LYPD6B",576
"TMEM204",575
"C17orf59",575
"SIM1",574
"GSTM4",574
"FAHD1",573
"PRDM12",573
"MGAT5B",572
"DTNBP1",572
"MARCKS",571
"PCMT1",570
"KHDC1",570
"ALDH1A1",569
"ECHDC1",569
"UVRAG",568
"SENP2",568
"MAP3K12",567
"EIF2B3",567
"DVL1",566
"WEE2",566
"SOLH",565
"CCDC127",565
"THAP6",564
"BMPR1A",564
"LAMP1",563
"LIF",563
"CHDH",562
"NAT8",562
"ADRA1A",561
"TKTL1",561
"METTL10",560
"GATM",560
"DLX2",559
"AMPD2",559
"ACCN1",558
"C5orf38",558
"GPR6",557
"ZSWIM8",557
"POLR1A",556
"EIF4G1",555
"PRR12",555
"BCORL1",554
"RABIF",554
"C9orf116",553
"MRPL45",552
"TDRD3",552
"TFAP2D",551
"PNISR",551
"MRS2P2",550
"EIF4H",550
"FES",549
"MKRN3",549
"C5orf42",548
"NEK8",548
"ERC2",547
"CATSPER1",546
"LAPTM4B",546
"FOXD4L1",545
"PPP2R4",545
"POU4F2",544
"PSPH",544
"WWP1",543
"ARID3B",543
"ZNF827",542
"ZNF215",542
"CCT5",541
"ZNF19",540
"BHLHE23",539
"ADAM8",539
"HOXA2",538
"GPR83",538
"JARID2",537
"PHF19",537
"MIR212",536
"PTPN2",536
"SLC10A7",535
"RASD1",535
"ACBD4",534
"SCARNA9.1",534
"C4orf34",533
"NR1H3",533
"GPR62",532
"GPN3",532
"SOD3",531
"C1orf111",531
"PRRG3",530
"ZCCHC2",530
"CBR4",529
"GSK3B",529
"CD5L",528
"SAMD4B",528
"TADA2B",527
"DPH1",527
"ACOX3",526
"ASAP2",526
"OR3A4",525
"DNM1",525
"C21orf33",524
"SPDYA",524
"FABP3",523
"KRT24",522
"NDUFAB1",522
"MIR1260",521
"PHF23",521
"SUV39H1",520
"PPP1R2",520
"ANXA4",519
"SNRPG",519
"HIST1H2BM",518
"WDR1",518
"ABLIM1",517
"SATL1",517
"DPM2",516
"PAQR6",516
"TNFRSF11B",515
"GJB2",515
"REXO1L2P",514
"CCDC85C",514
"MYH8",513
"GCKR",513
"C6orf27",512
"DPH7",512
"S100A13",511
"DSTN",511
"SFT2D3",510
"XPNPEP1",510
"SEMA3E",509
"COL5A3",509
"NRIP1",508
"VWF",508
"TTTY10",507
"CD58",507
"TNNT2",506
"C11orf63",506
"TDRD10",505
"OXT",505
"CDK5RAP2",504
"POLA1",503
"PHKA2",503
"CROT",502
"ZRANB2",502
"SDHAF1",501
"SCGB3A1",501
"ADAMTS9",500
"MFI2",500
"PTGER2",499
"ZC4H2",499
"TMEM217",498
"TTC4",498
"ATP6AP2",497
"SLC25A2",497
"SH2D3C",496
"SRRD",496
"ZNF683",495
"SLC2A13",494
"GAGE2A",493
"SNX9",493
"TAS2R16",492
"SRSF11",492
"RNU5E",491
"TMEM120B",491
"PTK7",490
"PPIC",490
"MADD",489
"DYNLRB1",489
"LTF",488
"VSTM5",488
"CHD7",487
"ZNF124",487
"INPP5B",486
"PTPN18",486
"THRSP",485
"NUP54",485
"IL1RN",484
"METRN",484
"DHCR24",483
"KLHL13",483
"ANKRD30A",482
"SDHB",482
"LOC146336",481
"PLA2R1",481
"ATP1A3",480
"NSMCE4A",480
"PSMB7",479
"UGP2",479
"KTN1",478
"POLR2J4",478
"MOV10",477
"PPP2R1A",477
"LRP11",476
"SLC7A6",476
"APRT",475
"DNAJB13",475
"ACOT9",474
"BLOC1S3",474
"HIST1H4F",473
"PARP1",473
"PCDHGC4",472
"IRAK4",472
"PTPRD",471
"MYPOP",471
"CD28",470
"MIPEP",470
"PDZD2",469
"MDFI",469
"SDR16C6",468
"STAG1",468
"GLIPR1L1",467
"RPP14",467
"CHCHD6",466
"SLCO4C1",465
"RAB7A",464
"FAM210A",464
"FOSB",463
"ARHGDIA",463
"C2orf66",462
"NAA20",462
"C6orf165",461
"ITM2C",461
"HUNK",460
"CSNK1D",460
"WASH7P",459
"LRP1B",458
"GBA",458
"S100A1",457
"SGSM1",457
"PTRF",456
"MCTP2",456
"ANKRD34A",455
"STOML2",455
"C1orf105",454
"LINC00982",454
"C5orf52",453
"GLDN",453
"SUSD5",452
"RANBP17",452
"ADSSL1",451
"NUTM2A.AS1",451
"ZNF674.AS1",450
"TFF1",449
"TERC",449
"CASR",448
"CDR2",448
"KIF2B",447
"ADM",447
"KIAA0922",446
"RAD51B",446
"NUTM2F.1",445
"DENND5A",444
"TMEM133",444
"CHRNE",443
"FGF9",443
"GHSR",442
"NFKBIE",442
"ZNF112",441
"TULP1",440
"TCTEX1D4",440
"CAPN8",439
"TTC39A",439
"CDT1",438
"OSGEP",438
"SLAMF7",437
"HESX1",437
"STUB1",436
"GRK6",436
"C8orf75",435
"ZSCAN12P1",435
"EML1",434
"AURKAIP1",434
"FOXF1",433
"RAP2A",433
"ZNF800",432
"SMTNL1",432
"C7orf34",431
"ZNF322B",430
"PPM1M",430
"LOC340357",429
"SNX11",429
"MAGI1",428
"ABHD5",428
"CMTM5",427
"USP30",427
"HIST1H4D",426
"CA4",426
"TMCO7",425
"NEU4",425
"PHF16",424
"SRMS",424
"BAI1",423
"MCEE",423
"MIR490",422
"PCDHGB8P",422
"RPL3",421
"ATP1A1OS",421
"TRIM10",420
"OR2A4",420
"PDK2",419
"FAM41AY2",418
"ALOX15",418
"PCDHAC1",417
"DENND1A",417
"KLC2",416
"LYRM1",416
"CSNK1E",415
"BPI",414
"GABRR2",414
"CCDC65",413
"KDSR",413
"DGKA",412
"VASH2",412
"KDR",411
"FLVCR2",411
"PXMP3",410
"FBXW7",409
"TMEM150B",409
"C6orf103",408
"RWDD4",408
"ZCCHC12",407
"FAS",407
"PCSK2",406
"MLLT4.AS1",406
"MLLT1",405
"EN2",405
"ERMAP",404
"DPP8",404
"PCBP2",403
"VMO1",402
"MRPL27",402
"RNF141",401
"MEX3A",401
"PPFIA4",400
"DNPEP",400
"CNR1",399
"ACVR2B",399
"TAC1",398
"SHQ1",398
"ADD3",397
"RP2",397
"HRASLS",396
"PIGG",396
"ERP29",395
"SLC25A20",395
"FOXD2",394
"SNCA",394
"MRPS24",393
"REG3A",392
"TYROBP",392
"ITIH5L",391
"PHF7",391
"NOX5",390
"B3GNT6",390
"ISM2",389
"ZNF12",389
"FAM107B",388
"NFATC3",388
"CPEB1",387
"REXO4",387
"ZIK1",386
"GRIN2D",386
"SAPS3",385
"CAMK2D",385
"PTP4A1",384
"SLC2A11",384
"IRGQ",383
"ZIC5",383
"FLNB",382
"HRASLS2",382
"EFHD1",381
"ZSCAN5A",381
"P4HB",380
"C9orf64",380
"AARS",379
"KIAA0317",378
"CRYZ",378
"ZNF449",377
"ANKRD27",377
"FKBP3",376
"CDC42EP3",375
"C2orf27A",375
"ANKRD6",374
"FAM193B",374
"MTERF",373
"TUSC1",373
"CIDEA",372
"NFKB1",372
"NPY5R",371
"CIB2",371
"TAS1R2",370
"CHPT1",370
"MIR145",369
"HSPH1",369
"VEGFC",368
"ALDH1B1",368
"BCAT1",367
"RC3H1",367
"TMEM167B",366
"NDP",365
"FAM57A",365
"TUBA3E",364
"SIVA1",364
"LMNB2",363
"PCP2",363
"NIN",362
"RET",362
"DMRTA2",361
"TTPA",361
"SHF",360
"PTDSS1",360
"SLC17A7",359
"MAFG",359
"APOBEC3H",358
"NPDC1",358
"ANXA2P3",357
"ARMCX6",357
"OPN1MW",356
"SETD9",356
"PAQR8",355
"STYX",355
"ATP2B3",354
"SLC40A1",354
"GAPVD1",353
"SRC",352
"UBXN10",352
"JAKMIP1",351
"ZNF844",351
"SRI",350
"DNAJB12",350
"ZNF681",349
"SLMAP",349
"NLGN3",348
"TDG",348
"CECR6",347
"DAPK2",347
"DNALI1",346
"OTOF",346
"ZNF541",345
"CRABP1",345
"STAG3",344
"C14orf159",344
"ST3GAL4",343
"CTDSPL",343
"MST1P9",342
"IP6K3",342
"CDH2",341
"NKAPP1",341
"VN1R2",340
"SLC35F5",340
"SGCG",339
"FAM102A",339
"SGCD",338
"PPP2R2D",338
"BTBD9",337
"SLFN13",337
"ZNF804B",336
"ALG9",336
"PI3",335
"CHD2",335
"NFATC2",334
"ZFP91",334
"GPR135",333
"LHB",333
"NDST4",332
"ZNF213",332
"MLXIP",331
"IFI6",331
"KCNH7",330
"KCNJ13",330
"CHSY1",329
"STOML1",329
"FLJ30679",328
"MEGF6",328
"ALDH1L1",327
"GOLGA7B",327
"PLP2",326
"CAPN2",326
"CCR5",325
"RGPD5",325
"CYP26C1",324
"MED28",324
"LOC91149",323
"GTPBP1",323
"SH3YL1",322
"DNAH14",322
"H2AFY",321
"FADS1",321
"GNGT1",320
"DOK3",320
"LEF1",319
"NPFF",319
"LOC91948",318
"DLK2",318
"DYRK2",317
"MTMR3",317
"UBASH3B",316
"IDI2.AS1",316
"MTMR6",315
"IFT57",315
"C12orf10",314
"FOXJ1",314
"HSPA12B",313
"CCDC40",313
"LGALS3",312
"SERF2",312
"XAB2",311
"OR2W1",310
"TPM3P9",310
"SOX18",309
"FLOT2",309
"FAM92A1",308
"CAP2",308
"CLEC1A",307
"PPP1R12A",307
"IL1R2",306
"POMP",306
"PCGEM1",305
"CXorf36",305
"ARRDC2",304
"CPXM1",304
"MS4A14",303
"LINC00482",303
"MT2A",302
"OTUD5",302
"MAP9",301
"ZNF354A",301
"MOG",300
"HS1BP3",300
"CD55",299
"CENPC",299
"SNAP91",298
"ZNF85",298
"LIN52",297
"MFSD10",296
"TNFRSF6B",296
"PLCH1",295
"CDC42EP2",295
"LRRC4",294
"FBXL19",294
"SHANK2",293
"DLST",293
"FAM19A2",292
"SLC44A2",292
"RASL10B",291
"COL9A2",291
"KIAA1530",290
"SUMF1",290
"CC2D1B",289
"ZNF747",289
"DNAJC28",288
"UBE2Z",288
"TIMM17B",287
"CORT",286
"FCER1A",285
"GPNMB",285
"DEFB127",284
"DDX51",284
"CGN",283
"RABL2A",283
"IL18R1",282
"SEC14L2",282
"TGFB2",281
"PALM2",281
"C19orf63",280
"KIAA1715",280
"CRYAA",279
"PI4KB",279
"PURG",278
"ATP1A1",277
"LOC728264",276
"NBEAL1",276
"HPS3",275
"MYO7A",275
"PDE11A",274
"PTPN20B",274
"LIMA1",273
"PREX2",273
"MBD3L1",272
"RNF19B",272
"EID3",271
"ACAD8",271
"GRIN2A",270
"CACNG8",269
"VPS29",269
"KCNA10",268
"ANKRD16",268
"MCART6",267
"POLR3A",267
"ZNF710",266
"ENGASE",266
"CCNH",265
"PLXNB2",265
"ATP11A",264
"RFESD",264
"DEFB121",263
"FAM109B",263
"LOC100302650",262
"DENND4A",262
"F7",261
"CLTCL1",261
"LUZP1",260
"SCAF4",260
"GHRLOS",259
"TTC13",259
"PRCC",258
"MKNK1",258
"LOC729176",257
"SYNE4",257
"ATP4B",256
"RGS14",256
"CSRP1",255
"PHF3",255
"C16orf78",254
"LRRC42",254
"EIF1AX",253
"RTN4RL1",252
"HIPK2",252
"SPG21",251
"C5orf51",251
"PAQR4",250
"EPB41L1",250
"RHPN1",249
"SURF4",249
"LCE1A",248
"HELB",248
"LAYN",247
"PSMD2",247
"C7orf53",246
"HIRIP3",246
"CLCN1",245
"SNRPE",245
"GDF7",244
"SLAMF9",244
"HSPA6",243
"OSGIN2",243
"SAPS1",242
"AES",242
"KRT1",241
"RALGAPB",241
"SUNC1",240
"PLD3",240
"ABCG5",239
"PITPNA",239
"FOS",238
"MESDC1",238
"WNT7A",237
"ADPRHL2",237
"HTATSF1",236
"OAZ3",236
"PAR1",235
"NUMB",235
"RGS7",234
"FAM20B",234
"ZDHHC3",233
"PKP2",233
"LIG4",232
"BSDC1",232
"LOC100129534",231
"DNAJC7",231
"NR2E1",230
"CMTR2",230
"KIF18B",229
"ATP8B3",229
"CREM",228
"INSR",228
"APOLD1",227
"ARL17B",227
"BICD1",226
"OR6N2",225
"TJP2",225
"OR52M1",224
"FXYD4",224
"ZNF480",223
"OSBP2",223
"HMGB3",222
"TMC8",222
"ZNF575",221
"ARPC3",221
"WRN",220
"ANKRD13C",220
"FAM45B",219
"UNC119B",219
"CPT1B",218
"LINC00654",218
"SOHLH1",217
"PCYOX1L",217
"PLXNA3",216
"SFXN1",216
"DGKD",215
"PDS5B",215
"VTI1A",214
"SLC35D1",214
"FAM59A",213
"NIPSNAP3B",213
"FAM41AY1",212
"AHCYL1",212
"C1orf114",211
"CCDC88A",210
"DNAJC3",210
"ACO2",209
"RARG",209
"LOC643719",208
"CHMP2B",208
"GAMT",207
"MMP7",207
"TMEM171",206
"RASAL2",206
"ZFAND2B",205
"CYTH4",205
"OR6B2",204
"TMEM160",204
"RAPGEF3",203
"SNX25",203
"NUP98",202
"MFSD5",202
"SPSB1",201
"TINCR",201
"PLEKHH3",200
"RP3.324O17.4",200
"RAB2A",199
"KRTAP4.8",198
"RAET1L",198
"GPC5",197
"LINC01011",197
"C3orf52",196
"HIP1R",196
"TCF7L1",195
"LYZ",195
"RRBP1",194
"TMEM51",194
"DHX9",193
"AP2A1",193
"CCDC140",192
"EML3",192
"ARID1A",191
"DDX19B",191
"COL5A2",190
"TAS1R3",190
"MYO1A",189
"ODF3L2",189
"HYDIN",188
"TMEM30A",188
"FZR1",187
"PLCXD1",187
"SPAG4L",186
"TRAPPC1",186
"C22orf9",185
"MYBL1",185
"PNMA5",184
"ZNF493",184
"OR2J2",183
"U2AF1",183
"CCT8L2",182
"PDZD8",181
"HINT3",181
"NCEH1",180
"RAB3D",180
"DMRTA1",179
"CERK",179
"SPINK7",178
"ST7.AS1",178
"ARTN",177
"TREML3P",177
"KCNH3",176
"SHD",176
"C1orf77",175
"TRIM31",175
"STK24",174
"AACS",174
"ABCC1",173
"RAC1",172
"RPLP1",172
"BRD4",171
"ABHD17C",171
"CACNA1D",170
"NT5E",170
"MRGPRX3",169
"RSPH3",169
"SOX9",168
"MARS",168
"ISG20",167
"PHKB",167
"C6orf132",166
"NDUFA12",166
"ITGA9",165
"ALKBH3",165
"CCDC60",164
"MTF1",164
"BAT1",163
"GLI3",163
"PAH",162
"CNEP1R1",162
"C1QL3",161
"SLFN11",161
"FGF19",160
"COX8A",160
"CABLES1",159
"TMEM231",159
"NYX",158
"FOXO4",158
"C20orf160",157
"TMEM50B",157
"ANKRD9",156
"VSIG10L",156
"GPBAR1",155
"FAM21C.1",155
"AHDC1",154
"HIST2H2AA3",154
"KANK2",153
"NAPRT1",153
"MRPL48",152
"TRIM40",151
"ZC3HC1",151
"NEK7",150
"CNPY1",149
"PAFAH2",149
"CHRND",148
"PSMG4",148
"C6orf225",147
"MXRA8",147
"EMC1",146
"NODAL",145
"VPS11",145
"GLRX5",144
"PRR14",143
"TOP3A",143
"GTF3C4",142
"CLCN5",142
"DRD3",141
"ATRN",141
"PIP5K1P1",140
"MBTD1",139
"SAYSD1",139
"FLG",138
"HOXA9",138
"RPL30",137
"TM9SF1",137
"RPS6KA6",136
"TRIM52",136
"TRAK2",135
"KAZALD1",135
"LGALS8",134
"TTLL6",134
"OXR1",133
"SIRT5",133
"TBX6",132
"LAMTOR5",132
"LHPP",131
"GXYLT1",131
"PLCG1",130
"CCL20",130
"ANKRD43",129
"PTGFRN",129
"PER2",128
"GLIS1",127
"CREBBP",127
"ZNF391",126
"XPOT",126
"PIAS2",125
"HRK",124
"ERBB4",123
"RHEBL1",123
"ZNF175",122
"B4GALT7",121
"GNB1",121
"NECAB1",120
"RCOR3",120
"IL18RAP",119
"MAN2B2",119
"ANKRD19",118
"OPHN1",118
"HCFC1",117
"CEACAM7",117
"RPRM",116
"UBE2C",116
"CDH7",115
"KIF3B",115
"IL17RA",114
"PGAP3",114
"MFSD1",113
"FAM35A",113
"TSGA13",112
"BRD7P3",112
"HAS1",111
"ZC3H6",111
"TNKS2",110
"GLIS3",110
"ZFYVE9",109
"ASH2L",109
"KLHL35",108
"TMEM159",108
"ICK",107
"FLOT1",107
"SPP1",106
"LSMD1",106
"NUS1",105
"TRNT1",105
"TSPAN9",104
"SH3TC2",104
"TBC1D26",103
"NRAS",103
"LIX1L",102
"AMDHD2",102
"TMEM111",101
"SLC25A39",101
"SPATS2L",100
"SORCS3",99
"CCDC153",99
"SCN8A",98
"PCGF1",98
"NKX2.6",97
"ANKS1A",96
"DEF8",96
"ASNS",95
"RAE1",95
"KRT2",94
"G2E3",94
"TLX3",93
"MYH14",93
"ZNF593",92
"CLIC6",92
"BAIAP2L1",91
"C15orf40",91
"FAM181B",90
"CCR10",90
"IER5",89
"SBNO1",89
"GTF2H1",88
"ABCB10",88
"NAPA",87
"OIP5.AS1",87
"LATS1",86
"SLC37A1",85
"TLDC2",85
"CTDSP2",84
"GRIPAP1",84
"BMP6",83
"ERAP1",83
"SYT8",82
"IKBKG",82
"OR5A1",81
"CDC42SE1",81
"EFHC2",80
"MTRR",80
"INSM2",79
"HS6ST1",79
"MIR934",78
"MAGOH.1",78
"CNTD2",77
"ETV7",77
"GRXCR1",76
"PPP2R3B",76
"SLC25A27",75
"SLC5A3",75
"EDEM3",74
"RP11.64D22.2",74
"MRS2",73
"ROCK1",72
"LOC400931",71
"TRPV2",71
"GPD2",70
"PARD6B",69
"METAP2",69
"CASK",68
"NSUN5P2.1",68
"BZRAP1",67
"ANXA13",67
"LDOC1",66
"KLHL2",66
"PTPRG",65
"FBXL6",65
"RNF19A",64
"DDX5",64
"SHISA7",63
"LRRC19",63
"TSKU",62
"FSD1L",62
"DTD1",61
"ZNF71",61
"MIR891B",60
"NDUFA4L2",60
"CSTF2",59
"METTL4",59
"GIT1",58
"RNFT2",57
"SUMO2.1",57
"EEF1DP3",56
"SSX2IP",56
"LOC387646",55
"TMEM2",55
"GON4L",54
"FAM83C",54
"DMBT1",53
"PSMB8",53
"MIR628",52
"DPH3",52
"C18orf34",51
"TGOLN2",51
"NME6",50
"ANKRD52",49
"GTDC1",49
"TM4SF1",48
"AP3M2",48
"GEFT",47
"LPHN1",47
"ASB12",46
"TMSB10",46
"DNER",45
"ANGEL1",45
"HTA",44
"DYNC1H1",44
"ANKRD20B",43
"PCF11",43
"TAGLN",42
"PAOX",42
"P2RY6",41
"SLC25A21",41
"ADAMTSL3",40
"LAMP2",40
"USH1C",39
"C19orf53",39
"SYCE1",38
"BBS4",38
"EXOC7",37
"FBXO18",37
"ZACN",35
"LSS",35
"CAPZA3",34
"ASB6",34
"PARVG",33
"TOX4",33
"MED21",32
"IQSEC2",32
"MYO18A",31
"LBX2.AS1",31
"SERPINB10",30
"ZNF609",30
"KCNRG",29
"PITRM1",29
"SEMG2",28
"PTPMT1",28
"PRKD1",27
"DDTL",27
"ANKS4B",26
"RFC3",25
"KCNK1",25
"HBII.52.45",24
"CCDC11",24
"TCF7L2",23
"GTF2A2",23
"C7orf13",22
"ODF2L",22
"CTF1",21
"AGMO",21
"C14orf64",20
"TCEA2",19
"KIAA0141",19
"MAP1B",18
"PCP4L1",18
"ROS1",17
"EEF1B2",17
"CMKLR1",16
"CCDC14",16
"RASSF6",15
"FUCA1",15
"MORC1",14
"CD27.AS1",14
"PORCN",13
"CLN3",13
"SLC39A14",12
"FAM83F",12
"KIAA1279",11
"SLC34A2",10
"CALM1.1",10
"IL13RA1",9
"SNRNP48",9
"SLC30A8",8
"PCNT",8
"ARF1",7
"GAP43",7
"DUSP9",6
"FAM211B",6
"HAUS7",5
"TNIP2",5
"BTRC",4
"PPHLN1",4
"PCDHAC2",3
"MANSC1",3
"ZMAT3",2
"HEXIM2",2
"ELOVL5",1
"CHST2",1
