"Genes","Rank"
"LOC387646",55
"CHRND",148
"LOC728264",276
"MIR145",369
"CAPN8",439
"SLC10A7",535
"FOXN3",643
"TMEM215",651
"QARS",653
"TMEM188",732
"POU2F1",749
"RFPL1S",813
"TPSD1",927
"CNTD2",77
"ARL4D",628
"C22orf33",811
"FLJ30679",328
"MAP1LC3B2",913
"TSGA13",112
"CCDC18",926
"ANKRD30A",482
"ACTN3",814
"ZNF625",816
"PRG3",705
"GPBAR1",155
"MFSD1",113
"ACOX3",526
"SHH",704
"CC2D1B",289
"SPDYA",524
"WNT11",948
"ZNF480",223
"NFATC2",334
"MS4A14",303
"CCT8L2",182
"CST5",576
"SRC",352
"TNNT2",506
"HOMER1",849
"MAOB",730
"TCERG1",910
"RASSF6",15
"GON4L",54
"WDR1",518
"CPEB1",387
"C6orf165",461
"ERMAP",404
"ANKRD52",49
"KCNG3",711
"RPS6KA6",136
"CLASP1",754
"ELOVL5",1
"HPVC1",585
"C5orf42",548
"PARVG",33
"SEMG2",28
"MED21",32
"MRPL48",152
"PTP4A1",384
"C6orf136",904
"EPN3",771
"CABLES1",159
"FOXJ1",314
"C7orf34",431
"PARD6B",69
"MRGPRX3",169
"ZNF593",92
"ADAMTS20",898
"SLC17A7",359
"C1orf105",454
"KRT24",522
"HTA",44
"USP42",737
"TMEM111",101
"C10orf91",900
"GLIS1",127
"CREM",228
"OXR1",133
"APOBEC3F",627
"CDC42EP5",582
"KCNH3",176
"MYH8",513
"TEAD3",631
"ZMAT3",2
"CD55",299
"BAD",843
"CGN",283
"FRAT1",594
"PUM1",844
"LOC100133957",580
"ATP6AP2",497
"TMEM204",575
"RNF25",872
"ARTN",177
"HRASLS",396
"HUNK",460
"ATP2B3",354
"CMTM5",427
"HIST1H4F",473
"CCL26",617
"EPS8L2",785
"C14orf182",86
"LIMA1",273
"KCNJ1",660
"MIR487B",794
"MIR539",625
"ZNF800",432
"KIAA0922",446
"ADRA1A",561
"PIM2",604
"ETS2",871
"CMKLR1",16
"PDE11A",274
"SOX18",309
"FABP1",593
"SYP",761
"HTATSF1",236
"SUSD5",452
"GTF2H1",88
"IL18R1",282
"CRNKL1",733
"ZNF322B",430
"RPS24",759
"SLC39A14",12
"THYN1",757
"FLT1",917
"MYST4",933
"IL1R1",701
"PCDHAC1",417
"LRP1B",458
"BMP8A",887
"TNKS2",110
"CMTM7",253
"GPR135",333
"SRGAP1",553
"PIK3C2G",645
"C6orf225",147
"SLAIN2",648
"KRT1",241
"KRTAP23.1",649
"DGKD",215
"NDP",365
"ALDH1A1",569
"GPC3",850
"C14orf34",587
"PFKFB3",540
"CDH12",769
"SYT8",82
"KIAA0317",378
"FAM26D",831
"FAM45B",219
"RPL3",421
"CBR4",529
"RGAG4",445
"PTGER2",499
"POU4F2",544
"MEP1A",798
"RALGPS1",825
"DEFA6",877
"RAMP1",376
"PROCA1",620
"OLFM3",716
"DGKA",412
"ESM1",891
"ATP6V0A2",906
"WNT7A",237
"PLCH1",295
"KCNE3",833
"ST6GALNAC2",675
"TADA2B",527
"TARSL2",924
"TLX3",93
"C1orf77",175
"HERC1",353
"VMO1",402
"ELFN2",834
"NLGN4Y",941
"SORCS3",99
"SAPS1",242
"PCDHGC4",472
"C1QTNF4",755
"LOC100190939",807
"C6orf103",408
"BAI1",423
"TDRD10",505
"BCORL1",554
"CLK2",863
"INSM2",79
"CCDC60",164
"OR2M4",949
"RNF19A",64
"TNFRSF11B",515
"FAM150B",609
"MIR505",772
"C1QTNF8",779
"COX6C",787
"CLCN1",245
"C6orf27",512
"TM4SF1",48
"ZNF710",266
"PCMT1",570
"C10orf96",751
"PAR1",235
"BRD4",171
"ACCN1",558
"SCGB1D2",818
"RAB6C",951
"OR3A4",525
"WWP1",543
"HMGB3",222
"ACOT9",474
"SSBP2",592
"DIP2C",646
"ANKS1A",96
"SUNC1",240
"DLX2",559
"APEX2",571
"BAT1",163
"ARID1A",191
"ERP29",395
"TMEM116",655
"CBX8",830
"DAB2IP",867
"AKAP12",596
"ZBTB39",702
"KRTAP20.3",822
"TCF7L2",23
"GPSM3",928
"SHISA7",63
"PSTPIP1",73
"NAALADL1",673
"CNR1",399
"SIM1",574
"GPR112",848
"CAPZA3",34
"ANKRD43",129
"ATP11A",264
"KANK2",153
"OPN1LW",623
"CD46",907
"PLEKHH3",200
"CA8",784
"RAC1",172
"NR2E1",230
"NPY5R",371
"EFHD1",381
"SAPS3",385
"ERC2",547
"SGCD",338
"COX7B",415
"UCHL1",760
"KLHL35",108
"ZNF449",377
"FBLN5",728
"OR2T34",747
"NAPA",87
"RAB2A",199
"VTI1A",214
"TAS1R2",370
"SLC6A18",879
"CCT5",541
"FAM173B",599
"HBM",621
"HIST2H2BA",680
"GABBR2",708
"ABCC1",173
"PHF15",654
"C1orf57",923
"ITGA9",165
"TSTA3",851
"RBM20",670
"KHDRBS1",775
"EN2",366
"TMEM217",498
"CLDN5",624
"PCYT1A",661
"NKAPL",663
"FCER1A",285
"BAIAP2L1",91
"SOHLH1",217
"ISM2",389
"SOD3",531
"ZNF212",610
"TCEA2",19
"BTBD9",337
"MRPS24",393
"PPP4C",612
"C17orf105",750
"GNAI1",781
"PSG5",858
"KCNRG",29
"DHX9",193
"SRI",350
"STUB1",436
"NOX1",679
"GLB1L2",846
"ARF1",7
"OR5A1",81
"LOC91948",318
"ZNF827",542
"GORASP2",921
"ANKS4B",26
"PRR14",143
"TAC1",398
"LALBA",686
"PSCA",724
"AHDC1",154
"ARRDC2",304
"PPYR1",852
"IRF7",885
"GDF7",244
"TMCO7",425
"HOXA2",538
"TUSC1",146
"C1QL3",161
"PYGO1",940
"TULP1",440
"C7orf71",892
"CHRNE",443
"AMOTL1",815
"FES",549
"SLC16A12",693
"CCNY",862
"EFCAB6",881
"RFC3",25
"NKX2.6",97
"DNAJC13",100
"REG3A",392
"FOXF1",433
"ADAMTSL3",40
"SPAG4L",186
"OR6B2",204
"KLC2",416
"MGMT",466
"GBF1",748
"ZMAT4",803
"ARHGDIB",806
"RNFT2",57
"HAS1",111
"LOC729176",257
"MST1P9",342
"MLLT1",405
"BMP6",83
"DYRK2",317
"ZIK1",386
"SLC2A14",590
"MRPL23",768
"SEPHS1",931
"SLC25A27",75
"CTDSP2",84
"ISG20",167
"INPP5B",486
"SOBP",611
"SCN8A",98
"RRBP1",194
"TMEM170A",671
"FAM83E",902
"P2RY6",41
"C8orf75",435
"C1orf38",690
"MYLK4",699
"RALYL",740
"SP1",790
"EEF1DP3",56
"FGF11",667
"C20orf46",840
"FAM41AY1",212
"FAM41AY2",418
"GLIPR1L1",467
"ANKRD13B",880
"MOG",300
"RNU5E",491
"TGFBI",856
"NUP98",202
"H2AFY",321
"SLC26A7",450
"LOC100129534",231
"NRIP1",508
"ZZEF1",581
"SLC29A1",695
"C5orf30",753
"ZNF727",903
"ALDH3B2",297
"SULT1C4",715
"MADD",489
"POLA1",503
"ZNF628",635
"CDH2",341
"ZNF681",349
"P4HB",380
"SNORD115.8",719
"RASGRP1",644
"FAIM3",662
"C10orf104",756
"NCRNA00032",878
"TFEB",947
"ANKRD20B",43
"ASB12",46
"PRRG3",530
"THAP6",564
"RCHY1",776
"C7orf58",783
"CYB5R1",899
"PSMD4",952
"MIR212",536
"LMNB2",363
"KTN1",478
"RNF126P1",770
"TMEM47",901
"ICK",107
"RASL10B",291
"GNGT1",320
"RIMS4",692
"SEMA5B",722
"GKN2",774
"PCDHGA8",789
"SERPINB10",30
"B4GALT7",121
"CYP26C1",324
"CECR6",347
"PRR5",379
"CASR",448
"SERP2",664
"ITGB3",726
"GPR25",773
"TPTE",845
"SLC30A8",8
"MYO18A",31
"PDGFA",70
"MTERF",373
"MIR628",52
"B3GALT5",72
"CLEC1A",307
"KIF2B",447
"C2orf66",462
"FAM89A",734
"TSKU",62
"SLC37A1",85
"FAM59A",213
"ANXA2P3",357
"FOXD4L1",545
"SELI",827
"HSD17B1",942
"RPL30",137
"SBSN",767
"KCNA10",268
"FBXO24",270
"C16orf78",254
"ZDHHC3",233
"MFSD10",296
"C8orf48",676
"CORT",286
"GHSR",442
"CD28",470
"C4orf10",842
"MGAT5B",572
"PDZD3",786
"SIDT1",912
"USH1C",39
"EXOC7",37
"C19orf57",836
"NME6",50
"PER2",128
"KIF18B",229
"DVL1",566
"SETDB1",946
"SOX9",168
"PDZD2",469
"TRIM61",765
"C7orf53",246
"DEFB127",284
"MCM3AP",613
"TBC1D26",103
"APOBEC3H",358
"ANXA4",519
"SIX6",937
"SHF",360
"TUBA3E",364
"CIDEA",372
"EPHA6",782
"FAM19A2",292
"SBF2",419
"LOC340357",429
"TTTY10",507
"SLC35B3",641
"WRB",792
"GCNT7",812
"CD2AP",847
"CTF1",21
"FAM181B",90
"DMRTA1",179
"OR6N2",225
"FAM92A1",308
"CALB1",633
"GSS",739
"ACER3",823
"LEF1",319
"JARID2",537
"ALPK3",682
"PLXNA3",216
"HAUS7",5
"LDOC1",66
"CDH7",115
"HORMAD2",597
"CLIP2",691
"ZFYVE28",888
"ABCG5",239
"MFGE8",607
"CREB3L1",801
"ZACN",35
"CCDC140",192
"PCGEM1",305
"NOTCH3",669
"CYP1A1",681
"PLCG1",130
"KRTAP4.8",198
"ERGIC1",752
"ZFAND1",890
"IL13RA1",9
"CASK",68
"PCSK2",406
"TCEAL1",591
"MST4",922
"TSPY1",875
"TAGLN",42
"CCR5",325
"CDC42EP3",375
"PHF16",424
"CD5L",528
"ROS1",17
"PAQR4",250
"FRK",584
"C2CD2",826
"RAB7A",464
"GATM",560
"MAP3K12",567
"SPAG9",577
"C1QTNF2",857
"DHCR24",483
"LTF",488
"SPN",556
"MRPS27",614
"CDX4",652
"CDON",791
"VCAN",799
"MYO1A",189
"ABLIM1",517
"GAPDHS",583
"NCEH1",180
"SLCO4C1",465
"C9orf173",600
"HAND2",841
"LAMA3",916
"NOX5",390
"PPP1R14A",762
"HS6ST1",11
"LOC400931",71
"ASNS",95
"EDEM3",74
"SLAMF7",437
"OR52M1",224
"KDR",411
"REXO1L2P",514
"C4orf34",533
"GALR1",650
"BTNL2",938
"LRRC10B",930
"SLC41A3",634
"KIAA0748",687
"ITIH5L",391
"HFE2",588
"LAMP3",944
"MOGS",925
"NLGN3",348
"LOC283314",839
"CACNG8",269
"IL1R2",306
"TMEM171",206
"TRAK2",135
"LUZP1",260
"DNALI1",346
"FBXW7",409
"CDC42SE2",608
"PRKD1",27
"NDUFS7",144
"HSPA12B",313
"CCDC65",413
"RASGRP2",889
"LAYN",247
"SPG21",251
"KIAA1530",290
"LRRC4",294
"NDST4",332
"ATRX",494
"STK24",174
"SPSB1",201
"FOS",238
"PHACTR1",639
"SLC9A9",780
"CD5",829
"MBTD1",139
"LOC91149",323
"SUV39H1",520
"HIST1H3B",632
"GHRL",714
"GHRLOS",259
"OPN1MW",356
"BIK",736
"MCART6",267
"EID3",271
"C2CD4B",441
"CHD7",487
"LAMP1",563
"GATA5",640
"LGALS8",134
"CRHBP",837
"CDT1",438
"MOV10",477
"CSDE1",911
"NIN",362
"FOSB",463
"HIST1H4D",426
"SEMA3E",509
"SEL1L2",796
"SDR16C6",468
"UVRAG",568
"SLC2A9",630
"HLA.DQA1",876
"GAMT",207
"TBC1D24",908
"FAM174B",36
"KRT2",94
"ZFAND2B",205
"XAB2",311
"MLXIP",331
"FAHD1",573
"CYB5R4",797
"SNORD116.23",939
"C21orf33",403
"UBXN11",793
"C16orf91",860
"DOT1L",873
"CCDC88A",210
"PHF17",896
"PPM1L",707
"IL17RA",114
"C6orf132",166
"GIT1",58
"RHPN1",249
"PAQR8",355
"PXMP3",410
"CCDC85C",495
"ARPM1",709
"HSPA6",243
"C6",504
"WDR13",909
"DMRTA2",361
"CROT",502
"TP53TG1",603
"MUC4",656
"HPS3",275
"FABP3",523
"ARHGAP25",828
"NLRP12",943
"TTC39A",150
"KCNH7",330
"ZNF782",666
"PXMP2",804
"DNAJC28",288
"MFHAS1",616
"SNORA71C",642
"C16orf11",694
"BPI",414
"HBII.52.45",24
"UBASH3B",316
"WNT10B",725
"ERBB4",123
"DRD3",141
"SGCG",339
"MAGEA5",629
"LMOD1",723
"ESX1",586
"OR1C1",758
"TSR2",809
"MIR892A",870
"GTF3C4",142
"MIR490",422
"RPS6KC1",795
"C13orf36",821
"TRPM3",838
"MRPL45",552
"HRK",124
"TGFB2",281
"HCN4",696
"BZRAP1",67
"LCE1A",248
"SNAP91",298
"BOLL",579
"CCNH",265
"PLP2",326
"C4orf36",578
"ENDOD1",720
"RAET1E",766
"HMGA2",819
"SLCO6A1",897
"KIAA1598",589
"ACTN2",657
"GUCA1A",808
"OR2W1",310
"PSMB7",479
"HOTAIR",950
"LGALS3",312
"CHDH",562
"PTPRD",471
"EIF4G1",555
"OR2J2",183
"GPR6",557
"ANKRD34C",746
"RAPGEF3",203
"DEFB121",263
"TRIM10",420
"IRS4",883
"SH2D3C",496
"FMO1",914
"HYDIN",188
"SH3YL1",322
"REPS1",731
"LHPP",131
"ANKRD6",374
"CDC25B",602
"IER5",89
"ZNF391",126
"PAH",162
"MIR1260",521
"TMEM187",685
"DNAH8",866
"LIX1L",102
"HCFC1",117
"RP2",397
"ZFP112",647
"ADAMTS1",727
"PORCN",13
"GPC5",197
"EML1",434
"MDGA2",595
"GRAMD1B",864
"DCK",915
"ZNF804B",336
"GAGE2A",493
"B3GALNT2",674
"RRN3P2",865
"RGS7",234
"ZCCHC12",407
"INS.IGF2",717
"GEFT",47
"PTPRG",65
"LEMD1",934
"SCGB3A1",278
"CHSY1",329
"GPRC5C",718
"MLN",859
"MTMR6",315
"S100A1",457
"S100A13",511
"ST3GAL4",343
"C18orf34",51
"CDKL1",140
"PRR4",226
"ZNF19",277
"NODAL",145
"CNPY1",149
"SPINK7",178
"MAGI1",428
"ADAMTS9",500
"SDHAF1",501
"LRRC17",678
"ERCC6L",700
"PIN4",742
"ATP1A3",480
"EIF4H",550
"FBXO44",689
"CDKN2A",729
"TUBB6",805
"FAM107B",388
"C5orf52",453
"C16orf86",743
"ARL4C",869
"BZW2",932
"PDZD8",181
"PTRF",456
"SBF1P1",905
"PCBP3",713
"SHKBP1",820
"CACNA1D",170
"ATP4B",256
"GFPT2",622
"LOC146336",481
"MAP9",301
"ANKRD34A",455
"X5.Sep",810
"C1orf114",211
"SFT2D3",510
"VSIG2",929
"LRRC67",935
"TSPAN9",104
"ZFYVE9",109
"COL5A2",190
"MBD3L1",272
"CSTF2",59
"XRCC3",287
"C7orf13",22
"FZR1",187
"IRGQ",383
"C2orf69",800
"HOXD11",618
"CDYL",697
"BHLHE23",539
"GPX5",788
"TNR",706
"DMBT1",53
"EFHC2",80
"TAS2R16",492
"C2orf16",665
"DOCK5",884
"ADSSL1",451
"HPRT1",672
"C22orf9",185
"PI3",335
"DPM2",516
"ATAD5",703
"C11orf17",619
"PLA2G2A",855
"CRYAA",279
"DENND5A",444
"TFF1",449
"IL1RN",484
"RHOBTB2",936
"PRCC",258
"GCLC",744
"SLC16A5",802
"APOLD1",227
"LIG4",232
"IGF1",636
"LOC84740",874
"PNMA5",184
"C14orf64",20
"ACO2",209
"THRSP",485
"C20orf160",157
"FOXD2",394
"PTK7",490
"ACBD4",534
"SLC39A6",677
"ELP2",741
"IMMT",698
"KRT28",721
"SLC25A43",882
"IL18RAP",119
"ISLR2",824
"BARX1",868
"HGFAC",817
"NYX",158
"SHANK2",293
"JAKMIP1",351
"FLG",138
"KCTD6",459
"SLC22A25",945
"LRRC8E",668
"DNER",45
"ANKRD19",118
"SYCE1",38
"ZNF816A",598
"ZNF541",345
"LRP11",476
"ZFYVE21",626
"MIR377",712
"BCL2L11",832
"MORC1",14
"MT2A",302
"LOC100302401",710
"ALDH1L1",327
"ANKRD9",156
"SNORD116.2",745
"OR10K2",918
"MIR891B",60
"APRT",475
"TPRG1",893
"FGF19",160
"GRXCR1",76
"CSRP1",255
"BTLA",683
"MIR934",78
"C3orf52",196
"CHKB.CPT1B",688
"CPT1B",218
"VN1R2",340
"STAG3",344
"CATSPER1",546
"VAMP8",601
"GPR62",532
"DTD1",61
"SLC34A2",10
"RNH1",615
"RTN4RL1",252
"LCE2D",835
"LOC643719",208
"FLNB",382
"SOLH",565
"TCF7L1",195
"MIR196A2",886
"MAP1B",18
"DUSP9",6
"ZNF175",122
"RPRM",116
"TBX6",132
"TRIM40",151
"BMP4",684
"TFAP2D",551
"C19orf63",280
"FAM71E1",861
"NECAB1",120
"CXCL1",125
"PCDHAC2",3
"BTRC",4
"NUS1",105
"SPP1",106
"WRN",220
"ZNF575",221
"F7",261
"LOC100302650",262
"BCAT1",367
"VEGFC",368
"PPFIA4",400
"RNF141",401
"OR10J5",605
"RAB40C",606
"UNKL",637
"TNRC4",638
"FTO",658
"RTN4IP1",659
"C17orf28",735
"PRKCA",738
"ARAF",763
"C5orf22",764
"LRRC66",777
"RBM24",778
"NKD2",853
"BARX2",854
"DCDC2",894
"HCG22",895
"PKD1",919
"HYAL1",920
